{
  "metric": "f1",
  "global": {
    "thr": 0.6599999999999999,
    "f1": 0.9182643794147326,
    "n": 960
  },
  "per_class_folder": {
    "NonDemented": {
      "thr": 0.05,
      "f1": 0.0,
      "n": 482
    },
    "VeryMildDemented": {
      "thr": 0.05,
      "f1": 0.9985693848354793,
      "n": 350
    },
    "MildDemented": {
      "thr": 0.05,
      "f1": 0.9989258861439313,
      "n": 466
    },
    "ModerateDemented": {
      "thr": 0.05,
      "f1": 1.0,
      "n": 12
    }
  }
}